<?xml version="1.0"?>
<scpd xmlns="urn:schemas-upnp-org:service-1-0">

	<specVersion>
		<major>1</major>
		<minor>0</minor>
	</specVersion>

	<actionList>

		<action>
			<name>getIP</name>
			<argumentList>
				<argument>
					<name>serverIP</name>
					<direction>out</direction>
					<retval />
					<relatedStateVariable>
						serverIP
					</relatedStateVariable>
				</argument>
			</argumentList>
		</action>

		<action>
			<name>getURL</name>
			<argumentList>
				<argument>
					<name>serverURL</name>
					<direction>out</direction>
					<retval />
					<relatedStateVariable>
						serverURL
					</relatedStateVariable>
				</argument>
			</argumentList>
		</action>

		<action>
			<name>getWebsocket</name>
			<argumentList>
				<argument>
					<name>serverWebsocket</name>
					<direction>out</direction>
					<retval />
					<relatedStateVariable>
						serverWebsocket
					</relatedStateVariable>
				</argument>
			</argumentList>
		</action>

	</actionList>

	<serviceStateTable>

		<stateVariable sendEvents="yes">
			<name>serverIP</name>
			<dataType>string</dataType>
			<defaultValue>127.0.0.1</defaultValue>
		</stateVariable>

		<stateVariable sendEvents="yes">
			<name>serverURL</name>
			<dataType>string</dataType>
			<defaultValue>http://127.0.0.1/index.html</defaultValue>
		</stateVariable>

		<stateVariable sendEvents="yes">
			<name>serverWebsocket</name>
			<dataType>string</dataType>
			<defaultValue>http://127.0.0.1:8080/</defaultValue>
		</stateVariable>

		<!-- <stateVariable sendEvents="no"> -->
		<!-- <name>A_ARG_TYPE_StateVariableName3</name> -->
		<!-- <dataType>string</dataType> -->
		<!-- <defaultValue>default value</defaultValue> -->
		<!-- <allowedValueRange> -->
		<!-- <minimum>MinimumValue</minimum> -->
		<!-- <maximum>MaximumValue</maximum> -->
		<!-- <step>Increment</step> -->
		<!-- </allowedValueRange> -->
		<!-- </stateVariable> -->

	</serviceStateTable>
</scpd>