<?xml version="1.0" encoding="UTF-8"?>
<!--
 
 Copyright 2011-2012 Universite Joseph Fourier, LIG, ADELE team
 Licensed under the Apache License, Version 2.0 (the "License");
 you may not use this file except in compliance with the License.
 You may obtain a copy of the License at
 
 http://www.apache.org/licenses/LICENSE-2.0
 
 Unless required by applicable law or agreed to in writing, software
 distributed under the License is distributed on an "AS IS" BASIS,
 WITHOUT WARRANTIES OR CONDITIONS OF ANY KIND, either express or implied.
 See the License for the specific language governing permissions and
 limitations under the License.
 
 -->

<configuration>
    <timestamp key="timestamp" datePattern="yyyyMMdd'T'HHmm"/>
    
    <!--  log to System.out on console  -->
    <appender name="STDOUT" class="ch.qos.logback.core.ConsoleAppender">
        <encoder>
            <pattern>%d{HH:mm:ss.SSS} [%thread] %-5level %logger{36} -- %msg%n</pattern>
        </encoder>
    </appender>
    
    
    <!--  log the current or latest execution in a single rolling file  -->
    <appender name="SHORTTERM_LOG" class="ch.qos.logback.core.rolling.RollingFileAppender">
        <file>log/shortterm.log</file>
        <rollingPolicy class="ch.qos.logback.core.rolling.TimeBasedRollingPolicy">
            <fileNamePattern>log/shortterm-%d{yyyy-MM-dd}.%i.log</fileNamePattern>
            <timeBasedFileNamingAndTriggeringPolicy
                class="ch.qos.logback.core.rolling.SizeAndTimeBasedFNATP">
                <!-- or whenever the file size reaches 100MB -->
                <maxFileSize>100MB</maxFileSize>
            </timeBasedFileNamingAndTriggeringPolicy>
        </rollingPolicy>
        <encoder>
            <pattern>%d{HH:mm:ss.SSS} [%thread] %-5level %logger{36} - %msg%n</pattern>
        </encoder>
    </appender>
    
    <!--  log in  multiple files, one for each execution  -->
    <appender name="MIDTERM_LOG" class="ch.qos.logback.core.FileAppender">
        <file>log/midterm-${timestamp}.log</file>
        <encoder>
            <pattern>%d{HH:mm:ss.SSS} [%thread] %-5level %logger{36} - %msg%n</pattern>
        </encoder>
    </appender>
    
    
    <!--  log in one single big file each execution  -->
    <appender name="LONGTERM_LOG" class="ch.qos.logback.core.FileAppender">
        <file>log/longterm.log</file>
        <encoder>
            <pattern>%d{HH:mm:ss.SSS} [%thread] %-5level %logger{36} - %msg%n</pattern>
        </encoder>
    </appender>
    
    <root level="TRACE" >
        <appender-ref ref="STDOUT"/>
    </root>
    
    
    
    
</configuration>
