<?xml version="1.0"?>
<root xmlns="urn:schemas-upnp-org:device-1-0">
	<specVersion>
		<major>1</major>
		<minor>0</minor>
	</specVersion>
	<!-- <URLBase>base URL for all relative URLs</URLBase> -->
	<device>
		<deviceType>urn:schemas-upnp-org:device:appsgate-server:1</deviceType>
		<friendlyName>AppsGate set-top box</friendlyName>
		<manufacturer>LIG</manufacturer>
		<manufacturerURL>http://www.liglab.fr/</manufacturerURL>
		<modelDescription>UPnP device for AppsGate server</modelDescription>
		<modelName>set top-box for AppsGate</modelName>
		<modelNumber>01</modelNumber>
		<modelURL>https://sites.google.com/site/liggates/</modelURL>
		<serialNumber>00</serialNumber>
		<UDN>uuid:898fff3a-a3d4-8ff5-c2e9-000e0c3e2d45</UDN>
		<UPC>01</UPC>
		<serviceList>
			<service>
				<serviceType>urn:schemas-upnp-org:service:serverInfo:1</serviceType>
				<serviceId>urn:upnp-org:serviceId:serverInfo:1</serviceId>
				<SCPDURL>/services/serverService/description.xml</SCPDURL>
				<controlURL>/serverInfo/Control</controlURL>
				<eventSubURL>/serverInfo/Event</eventSubURL>
			</service>
		</serviceList>
	<!--	
		<iconList>
			<icon>
				© 2002 Contributing Members of the UPnPTM Forum. All Rights
				Reserved.
				￼￼￼￼￼￼￼￼￼￼￼￼￼￼￼￼￼￼DeviceType
				Root
				Req. or
				Opt.1
				ServiceType
				Req. or
				Opt.1
				Service ID2
				￼￼￼￼￼￼￼￼￼￼￼￼￼￼￼￼￼￼￼￼￼￼￼￼￼￼￼￼￼￼￼￼￼￼￼￼￼￼￼￼￼￼￼￼￼￼￼￼￼￼￼￼￼￼￼￼￼￼￼￼￼
				UPnP Basic: Device Template Version 1.01 2
				￼
				<mimetype>image/format</mimetype>
				<width>horizontal pixels</width>
				<height>vertical pixels</height>
				<depth>color depth</depth>
				<url>URL to icon</url>
			</icon>
			XML to declare other icons, if any, go here
		</iconList>
		<presentationURL>URL for presentation</presentationURL>
	--> 
	</device>
</root>